INSERT INTO users (id, name, age) VALUES
(1, "John", 75),
(2, "James", 45),
(3, "Mary", 71),
(4, "Jennifer", 49),
(5, "Katie", 35),
(6, "Chris", 40),
(7, "Christina", 40),
(8, "Harold", 65),
(9, "Dianne", 78),
(10, "Robert", 42),
(11, "Parker", 19),
(12, "Ian",  19),
(13, "Leah", 12),
(14, "Tristan", 15),
(15, "Lucy", 2),
(16, "Boots", 2),
(17, "Blaze", 2),
(18, "Cookie", 3),
(19, "Jackson", 11),
(20, "Colton", 6);

INSERT INTO projects (id, title, category, Funding_goal, start_date, end_date) VALUES
(1,'What in the world is going on', 'music',600, 12/15/2018, 12/15/2020),
(2,'Holy Cow Batman!','books',1500, 12/15/2018, 12/15/2020),
(3,'This is not going to work out', 'charity',15000,01/01/2010, 01/01/2021),
(4,'Naked Squirrel Art','books',1000, 12/31/2020, 12/31/2021),
(5,'I just cannot take you anymore','music',500,05/05/1999,05/05/2000),
(6,'What are you talking about?','marriage counseling',1250, 01/01/2021, 12/31/2021),
(7,'Great Balls of Fire','prank mishaps',4500,02/01/2021, 05/02/2021),
(8,'I just do not love you anymore','marriage counseling',100,08/16/2008, 08/17/2008),
(9,'My dog left, my wife dies, my truck broke down... but I love you anyway!','music',150000, 04/01/1985, 02/05/2021),
(10,'I quit','prank mishaps',458, 01/01/2021, 02/01/2021);

INSERT INTO pledges (id,amount,user_id,project_id) VALUES
(1, 10.00, 2, 1),
(2, 10.00, 4, 3),
(3, 10.00, 6, 6),
(4, 10.00, 8, 4),
(5, 10.00, 10, 3),
(6, 10.00, 12, 10),
(7, 10.00, 14, 9),
(8, 10.00, 16, 9),
(9, 10.00, 18, 2),
(10, 10.00, 20, 3),
(11, 10.00, 1, 8),
(12, 10.00, 3, 7),
(13, 10.00, 5, 1),
(14, 10.00, 7, 4),
(15, 10.00, 9, 6),
(16, 10.00, 11, 10),
(17, 10.00, 13, 9),
(18, 10.00, 15, 4),
(19, 10.00, 17, 4),
(20, 10.00, 19, 6),
(21, 10.00, 5, 8),
(22, 10.00, 16, 3),
(23, 10.00, 4, 6),
(24, 10.00, 9, 2),
(25, 10.00, 19, 6),
(26, 10.00, 14, 5),
(27, 10.00, 1, 2),
(28, 10.00, 2, 7),
(29, 10.00, 13, 9),
(30, 10.00, 11, 8);
